{
    "averageTimeFirst100Runs": 22.279486999999997,
    "averageTimeNext1000Runs": 17.568280000000017
}