{
    "First100Average": 169.05999755859376,
    "Remaining1000Average": 165.84100341796876,
    "IndividualIterationTimes": [
        173,
        165,
        171,
        167,
        166,
        168,
        168,
        168,
        166,
        190,
        167,
        168,
        178,
        171,
        162,
        169,
        164,
        162,
        163,
        163,
        163,
        163,
        162,
        163,
        161,
        163,
        162,
        162,
        168,
        179,
        171,
        170,
        164,
        163,
        166,
        171,
        169,
        164,
        164,
        166,
        164,
        165,
        181,
        185,
        169,
        185,
        175,
        172,
        175,
        169,
        167,
        171,
        170,
        170,
        174,
        173,
        174,
        178,
        169,
        165,
        173,
        195,
        175,
        177,
        175,
        173,
        171,
        167,
        172,
        171,
        164,
        166,
        166,
        166,
        166,
        162,
        162,
        168,
        165,
        164,
        165,
        165,
        166,
        170,
        168,
        169,
        168,
        170,
        170,
        164,
        166,
        165,
        173,
        176,
        172,
        167,
        166,
        170,
        173,
        171,
        167,
        169,
        180,
        172,
        166,
        161,
        163,
        163,
        170,
        167,
        166,
        161,
        161,
        157,
        160,
        161,
        169,
        170,
        167,
        170,
        170,
        164,
        168,
        162,
        169,
        172,
        161,
        164,
        160,
        160,
        162,
        170,
        175,
        173,
        170,
        169,
        169,
        171,
        172,
        169,
        169,
        173,
        170,
        170,
        168,
        170,
        170,
        168,
        166,
        170,
        169,
        169,
        171,
        167,
        168,
        167,
        167,
        173,
        182,
        169,
        163,
        166,
        164,
        178,
        170,
        188,
        182,
        176,
        175,
        168,
        166,
        176,
        178,
        167,
        166,
        165,
        165,
        163,
        164,
        169,
        169,
        173,
        171,
        168,
        169,
        169,
        170,
        179,
        166,
        165,
        167,
        172,
        178,
        173,
        172,
        167,
        174,
        170,
        170,
        175,
        172,
        172,
        170,
        170,
        176,
        171,
        171,
        168,
        170,
        170,
        172,
        168,
        163,
        164,
        163,
        168,
        171,
        167,
        161,
        163,
        164,
        163,
        167,
        167,
        165,
        164,
        164,
        165,
        164,
        165,
        163,
        163,
        163,
        162,
        164,
        164,
        165,
        167,
        162,
        165,
        163,
        162,
        165,
        165,
        166,
        167,
        165,
        163,
        165,
        163,
        166,
        166,
        166,
        165,
        164,
        164,
        164,
        168,
        169,
        170,
        164,
        164,
        165,
        165,
        165,
        162,
        165,
        165,
        163,
        164,
        166,
        167,
        169,
        163,
        166,
        171,
        167,
        166,
        165,
        164,
        163,
        166,
        164,
        164,
        166,
        166,
        165,
        166,
        166,
        164,
        166,
        167,
        164,
        166,
        165,
        166,
        166,
        166,
        163,
        165,
        164,
        165,
        164,
        166,
        166,
        165,
        165,
        167,
        166,
        163,
        164,
        164,
        163,
        166,
        164,
        164,
        164,
        163,
        164,
        164,
        164,
        165,
        171,
        169,
        170,
        174,
        175,
        170,
        166,
        168,
        163,
        172,
        170,
        171,
        172,
        169,
        168,
        172,
        164,
        167,
        166,
        169,
        174,
        178,
        173,
        175,
        169,
        171,
        192,
        173,
        174,
        178,
        172,
        171,
        171,
        172,
        173,
        174,
        173,
        173,
        172,
        171,
        172,
        172,
        174,
        174,
        170,
        173,
        172,
        174,
        173,
        171,
        174,
        172,
        172,
        174,
        174,
        176,
        177,
        177,
        174,
        169,
        171,
        174,
        170,
        173,
        172,
        173,
        172,
        170,
        166,
        164,
        165,
        166,
        166,
        164,
        165,
        166,
        167,
        166,
        169,
        165,
        172,
        176,
        168,
        170,
        174,
        170,
        171,
        171,
        173,
        170,
        173,
        173,
        167,
        171,
        188,
        171,
        175,
        169,
        169,
        169,
        173,
        170,
        166,
        169,
        170,
        167,
        167,
        170,
        168,
        170,
        175,
        171,
        172,
        167,
        169,
        171,
        172,
        173,
        170,
        171,
        168,
        173,
        173,
        171,
        172,
        171,
        172,
        169,
        170,
        173,
        170,
        173,
        170,
        169,
        172,
        172,
        169,
        170,
        171,
        170,
        175,
        190,
        168,
        172,
        170,
        172,
        170,
        168,
        170,
        171,
        178,
        178,
        175,
        172,
        174,
        172,
        170,
        170,
        167,
        170,
        168,
        170,
        169,
        173,
        169,
        173,
        171,
        172,
        169,
        168,
        169,
        169,
        169,
        173,
        174,
        172,
        171,
        169,
        167,
        170,
        173,
        171,
        170,
        175,
        170,
        188,
        190,
        165,
        163,
        179,
        171,
        173,
        167,
        166,
        167,
        166,
        165,
        167,
        165,
        170,
        174,
        173,
        169,
        170,
        166,
        169,
        168,
        170,
        168,
        165,
        167,
        169,
        175,
        167,
        168,
        169,
        166,
        166,
        167,
        171,
        167,
        169,
        169,
        169,
        170,
        170,
        169,
        169,
        170,
        170,
        169,
        170,
        168,
        168,
        172,
        173,
        171,
        172,
        172,
        172,
        172,
        170,
        166,
        169,
        167,
        166,
        168,
        168,
        166,
        168,
        175,
        167,
        167,
        166,
        167,
        167,
        168,
        166,
        170,
        171,
        170,
        173,
        171,
        171,
        182,
        169,
        173,
        168,
        171,
        171,
        169,
        174,
        170,
        165,
        171,
        168,
        166,
        176,
        173,
        173,
        170,
        172,
        190,
